subreddit,score,num_comments,created_utc,url,sentiment,Word_1,Word_2,Word_3,Word_4,Word_5,Word_6,Word_7,Word_8,Word_9,Word_10,Full Time Student,GAD7 Category,International Student,PHQ9 Category,Response Id,Sex,Year,FemaleCount,MaleCount
depression,1,1,1727376195.0,https://www.reddit.com/r/depression/comments/1fq3m0r/i_realized_i_dont_have_faithtrust_in_myself_i/,0.9966,realized,dont,faithtrust,feel,key,lifting,depression,start,trusting,tldr,Yes,Minimal,No,Mild,R_3KT84JAg9O6k1za,Male,2000,0,1
depression,1,0,1725185716.0,https://www.reddit.com/r/depression/comments/1f6b4ei/i_glowed_down_too_early/,-0.9778,glowed,early,hi,im,tell,bit,story,childhood,overweight,normal,Yes,Mild,No,Minimal,R_2e5qcQDtmWHNhJk,Female,2001,1,0
depression,2,0,1722972591.0,https://www.reddit.com/r/depression/comments/1elqtko/trying_to_control_and_numb_my_loneliness/,0.6772,trying,control,numb,loneliness,f,come,realisation,fully,accepting,chase,Yes,Mild,No,Mild,R_1kULJKAZrCl6OUX,Female,2004,1,0
depression,0,0,1719543151.0,https://www.reddit.com/r/depression/comments/1dq9c8t/timing_inconsistencies_and_international/,0.9732,timing,inconsistencies,international,travelling,anti,depressants,hey,weird,questions,havent,Yes,Moderate,No,Moderate,R_2PofULkQm5PoYCT,Male,2001,0,1
depression,1,1,1711177560.0,https://www.reddit.com/r/depression/comments/1blm59m/i_need_advice/,0.9818,need,advice,hi,idk,crisis,getting,depressed,dont,know,okay,Yes,Minimal,No,Moderately Severe,R_2fHxJiq7CCt5aP7,Male,2003,0,1
depression,0,0,1704649610.0,https://www.reddit.com/r/depression/comments/190xq8g/what_to_do_i_feel_hopeless/,-0.9865,feel,hopeless,im,really,looking,answer,solution,problem,maybe,advice,Yes,Moderate,No,Severe,R_51nNRSpuB20S5Bn,Female,2003,1,0
depression,2,0,1674445296.0,https://www.reddit.com/r/depression/comments/10j2us3/hi_im_new_here_20_f_and_got_diagnosed_depressed/,-0.9749,hi,im,new,f,got,diagnosed,depressed,year,ago,childhood,Yes,Moderate,No,Moderate,R_USeXAJcUeCEusI9,Female,2000,1,0
depression,1,2,1662587794.0,https://www.reddit.com/r/depression/comments/x8hs3c/desperate_for_advice/,-0.985,desperate,advice,hi,im,going,practically,pour,heart,family,torn,Yes,Minimal,No,Mild,R_3PNS6gXIM6XPvym,Male,2002,0,1
depression,2,0,1650773129.0,https://www.reddit.com/r/depression/comments/uamdhu/i_feel_like_im_out_of_time/,-0.402,feel,like,im,time,frustrated,todayfrustrated,usual,spent,hour,twisting,Yes,Moderate,No,Mild,R_11Z62buxDM9C5Cp,Female,2002,1,0
depression,3,0,1628754686.0,https://www.reddit.com/r/depression/comments/p2v8xk/confession_of_an_ex_asshole_or_how_i_overcame/,0.9927,confession,ex,asshole,overcame,depression,ive,wrote,personal,text,journey,No,Moderate,No,Moderate,R_31gin4cUZxctHnP,Male,2001,0,1
depression,1,1,1605374618.0,https://www.reddit.com/r/depression/comments/ju5iuz/its_just_getting_worse_and_worse_like/,-0.9996,getting,worse,like,neverendingworse,end,going,long,post,recently,ive,Yes,Minimal,No,Minimal,R_3FPelWsIzcgyGsz,Male,2002,0,1
depression,3,0,1598804374.0,https://www.reddit.com/r/depression/comments/ijfcju/ive_never_been_excited_once_in_my_life/,-0.9963,ive,excited,life,im,years,old,gonna,graduate,college,soon,Yes,Moderate,No,Severe,R_1kZD9uXQYERznBV,Female,2000,1,0
depression,4,2,1596552357.0,https://www.reddit.com/r/depression/comments/i3kl80/sorry_the_text_is_long_im_struggling_even_if_you/,-0.8303,sorry,text,long,im,struggling,dont,read,id,welcome,tip,Yes,Moderate,No,Moderate,R_3MaqTzH7c3LDTT4,Female,2002,1,0
depression,1,0,1592317531.0,https://www.reddit.com/r/depression/comments/ha4zz4/upset_the_dream_that_was_keeping_me_alive_has/,-0.3162,upset,dream,keeping,alive,collapsed,ive,graduated,classics,latin,greek,Yes,Moderate,No,Moderately Severe,R_1Lui21GOECam42o,Female,2004,1,0
depression,6,5,1585154488.0,https://www.reddit.com/r/depression/comments/fothaz/i_have_never_felt_so_alone/,-0.8931,felt,im,uni,student,live,locked,paris,days,things,eat,Yes,Mild,No,Mild,R_YY0hp3gPNz6L6Br,Female,2003,1,0
depression,1,1,1580535854.0,https://www.reddit.com/r/depression/comments/ex1mf3/what_am_i_missing/,0.9986,missing,ready,long,married,best,friend,f,good,income,needs,Yes,Minimal,No,Minimal,R_2bZyjr1DlYzJw6m,Female,2002,1,0
depression,2,5,1573105869.0,https://www.reddit.com/r/depression/comments/dstc2x/i_want_everything_to_end_i_cant_handle_it_anymore/,-0.9881,want,end,handle,anymore,hi,guys,time,decide,write,depression,Yes,Mild,No,Moderate,R_dm6gGBCOYUCn8Up,Male,2001,0,1
depression,1,0,1571870514.0,https://www.reddit.com/r/depression/comments/dm75de/in_a_bit_of_a_suicidal_mood_after_good_times/,0.9956,bit,suicidal,mood,good,times,let,preface,saying,thought,wouldnt,Yes,Minimal,Yes,Minimal,R_ukYcPsQy2rgNsyJ,Male,2002,0,1
depression,2,1,1563062476.0,https://www.reddit.com/r/depression/comments/ccwdj7/idk_how_im_gonna_keep_going_for_5_more_months/,-0.9717,idk,im,gonna,going,months,basically,moved,paris,wanted,make,No,Moderate,No,Moderately Severe,R_3LgJSkPpxt7f0mp,Male,2003,0,1
depression,2,0,1556358754.0,https://www.reddit.com/r/depression/comments/bhxkjs/sowing_seeds/,-0.5243,sowing,seeds,today,hard,day,didnt,leave,apartment,spent,crying,Yes,Severe,No,Severe,R_2WAJkxCo4Aoy03O,Male,2002,0,1
depression,1,0,1549540183.0,https://www.reddit.com/r/depression/comments/ao2y5z/short_list_of_all_the_unfair_shit_that_has/,-0.9973,short,list,unfair,shit,happened,moved,mom,paris,london,years,Yes,Mild,No,Moderate,R_24iqJSg0xgTTv39,Female,2002,1,0
depression,4,0,1547024350.0,https://www.reddit.com/r/depression/comments/ae51rw/just_wanted_to_share_my_story/,-0.9386,wanted,share,story,dont,really,know,point,im,say,want,Yes,Mild,No,Moderate,R_3qrQRBbIPqLNCk4,Female,2001,1,0
depression,3,0,1544947224.0,https://www.reddit.com/r/depression/comments/a6nev7/i_wanna_dance_with_somebody_who_loves_me/,-0.994,wanna,dance,somebody,loves,set,eyes,husband,comedy,performed,hes,Yes,Mild,No,Mild,R_116JaS9DQYURFlc,Female,2000,1,0
depression,1,0,1542921642.0,https://www.reddit.com/r/depression/comments/9zi3p1/did_i_slowly_slip_into_depression/,0.9977,slowly,slip,depression,dont,know,belongs,guess,best,place,current,Yes,Severe,No,Moderate,R_3GkLNv4IzTSmKtP,Male,2002,0,1
depression,8,3,1539723674.0,https://www.reddit.com/r/depression/comments/9orr8p/unemployed_and_depression/,-0.7387,unemployed,depression,hello,finished,college,year,decided,gap,family,issues,No,Moderate,No,Mild,R_qwkxuwhyprW0YsV,Female,2001,1,0
depression,4,3,1520892468.0,https://www.reddit.com/r/depression/comments/83z0sr/i_dont_know_why_i_want_to_clip_my_own_wings_i/,-0.9992,dont,know,want,clip,wings,happy,created,reddit,outlet,share,Yes,Mild,No,Moderate,R_3D1RaXiVlJ4D2KF,Female,2003,1,0
depression,2,2,1518770119.0,https://www.reddit.com/r/depression/comments/7xxfyi/my_girlfriend_is_depressed_and_was_sexually/,0.669,girlfriend,depressed,sexually,abused,dont,know,help,hi,lovely,folks,Yes,Mild,No,Moderate,R_2zMVwYFN8XmLpGe,Male,2004,0,1
depression,2,2,1517359971.0,https://www.reddit.com/r/depression/comments/7u5wug/i_feel_like_im_under_attacked_and_forced_to_feel/,-0.9994,feel,like,im,attacked,forced,way,tldr,today,birthday,friends,No,Moderate,No,Moderate,R_2TBIcJbqnd5Sn1j,Female,2000,1,0
depression,41,11,1514912183.0,https://www.reddit.com/r/depression/comments/7nnmwh/why_do_we_exist/,-0.9978,exist,im,years,old,freshman,college,ive,mental,health,issues,Yes,Moderate,No,Moderate,R_1OPFG1uB7wEkR7K,Female,2003,1,0
depression,1,3,1514492503.0,https://www.reddit.com/r/depression/comments/7mp4v4/want_to_diescared_of_dying_at_the_same_time/,-0.9934,want,diescared,dying,time,constantly,consumed,morbid,thoughts,im,year,Yes,Mild,No,Moderately Severe,R_PLs5Y7ol65U1B05,Female,2000,1,0
Anxiety,1,3,1726854457.0,https://www.reddit.com/r/Anxiety/comments/1fli0sl/how_do_i_deal_with_failure/,-0.9604,deal,failure,fucked,semester,im,struggling,pick,pieces,entering,second,Yes,Minimal,No,Minimal,R_RmBVZfApe1jYLiF,Female,2000,1,0
Anxiety,1,3,1726854457.0,https://www.reddit.com/r/Anxiety/comments/1fli0sl/how_do_i_deal_with_failure/,-0.9604,deal,failure,fucked,semester,im,struggling,pick,pieces,entering,second,Yes,Moderate,No,Moderate,R_1jDn33DEHZtjzec,Female,2002,1,0
Anxiety,2,4,1719836004.0,https://www.reddit.com/r/Anxiety/comments/1dsrgnd/extreme_guilt_over_cancelled_trip/,0.8645,extreme,guilt,cancelled,trip,hey,dont,really,know,im,writing,Yes,Minimal,No,Minimal,R_1r30sxjbCL2CiZB,Male,2000,0,1
Anxiety,2,0,1701644967.0,https://www.reddit.com/r/Anxiety/comments/18a65n2/my_anxiety_destroy_me/,-0.9763,anxiety,destroy,hello,like,share,story,advice,months,ago,march,Yes,Mild,No,Moderate,R_1onkD5thoTd6xSJ,Female,2003,1,0
Anxiety,4,5,1691397022.0,https://www.reddit.com/r/Anxiety/comments/15keljh/im_starting_to_develop_agoraphobia_and_im_really/,-0.9907,im,starting,develop,agoraphobia,really,scared,title,says,basically,f,Yes,Minimal,No,Minimal,R_24qnPiDezTzbq3v,Male,2000,0,1
Anxiety,3,3,1654743186.0,https://www.reddit.com/r/Anxiety/comments/v86vud/very_anxious/,0.9851,anxious,ive,finished,junior,year,college,im,extremely,ripping,hair,Yes,Moderate,No,Moderately Severe,R_3pok1vf0jbVup5O,Male,2003,0,1
Anxiety,2,3,1649607785.0,https://www.reddit.com/r/Anxiety/comments/u0l1a5/needing_some_positive_encouragement/,0.9944,needing,positive,encouragement,hello,struggled,anxiety,ocd,little,girl,havent,No,Mild,No,Mild,R_3fDHyYgQ5nRfP9d,Male,2001,0,1
Anxiety,4,0,1549617188.0,https://www.reddit.com/r/Anxiety/comments/aoesoc/my_struggles_with_anxietypanic_disorder/,-0.7279,struggles,anxietypanic,disorder,hello,ranxiety,end,started,happened,vacationing,europe,Yes,Minimal,No,Minimal,R_24LWiQkXxTQoTYN,Female,2000,1,0
Anxiety,5,1,1545366378.0,https://www.reddit.com/r/Anxiety/comments/a86aus/too_many_things_piling_up_also_my_story_so_far/,0.9993,things,piling,story,far,hello,guys,long,post,incoming,anxiety,Yes,Minimal,No,Moderately Severe,R_3I01k6ghBnOLd13,Female,2004,1,0
Anxiety,1,0,1530660824.0,https://www.reddit.com/r/Anxiety/comments/8vwxh3/i_believe_that_i_suffer_from_derealization_and/,0.181,believe,suffer,derealization,looking,solutions,hello,lost,memory,mind,hazy,Yes,Mild,No,Moderate,R_3QWYCXTxrJsfVhj,Male,2002,0,1
Anxiety,3,4,1489101954.0,https://www.reddit.com/r/Anxiety/comments/5yil4b/paranoid_after_reading_the_news/,-0.9884,paranoid,reading,news,hi,hope,kind,post,im,allowed,write,Yes,Minimal,No,Minimal,R_1gI7bCNfvC0gSRK,Male,2004,0,1
Anxiety,3,3,1465863121.0,https://www.reddit.com/r/Anxiety/comments/4nyoo0/living_with_anxiety_after_mass_shootings/,-0.994,living,anxiety,mass,shootings,hi,im,female,college,student,socal,No,Severe,No,Severe,R_3hxo93KBH8UbIjh,Female,2003,1,0
Anxiety,1,0,1464723914.0,https://www.reddit.com/r/Anxiety/comments/4lx459/anxiety_and_addiction_prevent_me_from_really/,-0.6672,anxiety,addiction,prevent,really,living,hi,names,quentin,im,ive,Yes,Moderate,No,Mild,R_1Ltbk0pxErIt1AE,Female,2000,1,0
Anxiety,6,0,1449443905.0,https://www.reddit.com/r/Anxiety/comments/3vpwav/the_news_terrifies_me_but_i_work_in_tv_news/,-0.9704,news,terrifies,work,tv,spring,ill,graduating,hopefully,degree,journalism,Yes,Mild,No,Moderate,R_DoAE6WSXSLR6rMB,Female,2002,1,0
mentalhealth,1,0,1727381354.0,https://www.reddit.com/r/mentalhealth/comments/1fq5n5z/i_realized_i_dont_have_faithtrust_in_myself_how/,-0.7756,realized,dont,faithtrust,start,trusting,life,came,safe,loving,childhood,Yes,Mild,No,Moderately Severe,R_3knYwe11kYTgiX8,Female,2000,1,0
mentalhealth,1,0,1708703602.0,https://www.reddit.com/r/mentalhealth/comments/1ay3uwc/i_translated_my_thoughts_in_writing_and_it_scares/,0.4072,translated,thoughts,writing,scares,sorry,grammatical,errors,english,language,xb,Yes,Minimal,No,Mild,R_1jUJIOxI0xIjW5G,Male,2001,0,1
mentalhealth,1,0,1695250026.0,https://www.reddit.com/r/mentalhealth/comments/16nz3cf/idk_at_this_point/,-0.9928,idk,point,know,writing,wont,help,going,spent,monday,week,Yes,Mild,No,Moderate,R_bx4MSXwwsytHKmJ,Female,2003,1,0
mentalhealth,1,0,1690311789.0,https://www.reddit.com/r/mentalhealth/comments/159hmhk/feeling_blue_after_my_internship/,0.5694,feeling,blue,internship,compared,posts,goes,context,worked,hard,high,Yes,Mild,No,Mild,R_2qaV9VFCN7xekbk,Female,2003,1,0
mentalhealth,4,1,1689192889.0,https://www.reddit.com/r/mentalhealth/comments/14xzc4i/my_life_is_crumbling_around_me/,0.9847,life,crumbling,know,im,person,say,title,really,words,fit,Yes,Mild,No,Minimal,R_20Uv6MrZOS4UY5f,Male,2004,0,1
mentalhealth,1,0,1688274620.0,https://www.reddit.com/r/mentalhealth/comments/14ofo3j/will_they_take_me_in/,0.9694,started,hearing,voices,high,school,late,middle,quiet,ones,highschool,Yes,Moderate,No,Severe,R_aVSpsxbXbzomwSJ,Female,2004,1,0
mentalhealth,2,1,1672429357.0,https://www.reddit.com/r/mentalhealth/comments/zz9hi5/i_just_needed_to_talk_about_this_i_am_lost_i_dont/,0.9995,needed,talk,lost,dont,know,warning,long,post,hi,hope,Yes,Moderate,No,Moderately Severe,R_OBB5j4mnApj5DTr,Male,2001,0,1
mentalhealth,1,0,1671120188.0,https://www.reddit.com/r/mentalhealth/comments/zmoozo/i_am_really_really_lost_and_i_need_help_sorry_but/,0.9997,really,lost,need,help,sorry,going,long,post,hello,hope,Yes,Mild,No,Moderately Severe,R_xyprT86wy2e2wVj,Female,2002,1,0
mentalhealth,2,1,1670138654.0,https://www.reddit.com/r/mentalhealth/comments/zc3fvq/post_by_someone_diagnosed_with_obsessive/,-0.9532,post,diagnosed,obsessive,compulsive,disorder,aspergers,anxiety,depression,prepsychosis,traits,No,Moderate,No,Moderate,R_11gW7ci4A9u81aC,Female,2002,1,0
mentalhealth,1,2,1665683440.0,https://www.reddit.com/r/mentalhealth/comments/y35345/i_think_i_need_a_therapist_but/,-0.7856,think,need,therapist,im,broke,af,student,paris,dont,time,Yes,Moderate,No,Minimal,R_Q0pbD5bgAL6nqtX,Female,2003,1,0
mentalhealth,1,1,1617339459.0,https://www.reddit.com/r/mentalhealth/comments/midair/whats_going_on_with_granny_my_observations_on_my/,-0.9981,whats,going,granny,observations,nondiagnosed,mentally,troubled,grandmother,seeking,related,Yes,Moderate,No,Moderate,R_yDvrqBQp8hvqgrD,Female,2004,1,0
mentalhealth,5,2,1589189962.0,https://www.reddit.com/r/mentalhealth/comments/ghkiag/could_someone_please_help_me_out_with_my/,0.9939,help,compulsive,lying,long,read,background,diagnosed,depression,turned,used,Yes,Mild,No,Minimal,R_2TtJTqL0qfStcQK,Female,2003,1,0
mentalhealth,5,2,1583211904.0,https://www.reddit.com/r/mentalhealth/comments/fcpmfm/sometimes_i_wonder_if_the_abuse_was_in_my_head/,-0.9962,wonder,abuse,head,single,day,class,sit,bed,dorm,room,Yes,Mild,No,Moderately Severe,R_1JLRKwUF6lhUnAV,Male,2000,0,1
mentalhealth,1,0,1578077720.0,https://www.reddit.com/r/mentalhealth/comments/ejjugo/kind_of_struggling_to_take_decisions_in_terms_of/,-0.9808,kind,struggling,decisions,terms,pick,new,studylifegeography,path,hi,ive,Yes,Minimal,No,Minimal,R_1mtkgrtBgoHEvxj,Male,2004,0,1
mentalhealth,3,3,1571346956.0,https://www.reddit.com/r/mentalhealth/comments/djcvoj/i_think_i_need_help/,0.7935,think,need,help,feel,lost,personal,identificationi,exchange,student,parisi,Yes,Minimal,No,Minimal,R_1FfE8YEzgpbyDTf,Female,2004,1,0
mentalhealth,3,1,1539127089.0,https://www.reddit.com/r/mentalhealth/comments/9mu5cm/recovering_student/,0.9673,recovering,student,hi,im,school,leaver,cde,level,french,music,No,Moderate,No,Moderately Severe,R_3RdAIUu2Tt3zhfh,Male,2004,0,1
mentalhealth,2,1,1536378046.0,https://www.reddit.com/r/mentalhealth/comments/9e1atu/senior_in_high_school_who_feels_like_hes/,-0.9785,senior,high,school,feels,like,hes,generally,losing,mind,going,Yes,Moderate,No,Moderately Severe,R_3QMdauvaP7RYCaF,Female,2004,1,0
mentalhealth,3,1,1501105529.0,https://www.reddit.com/r/mentalhealth/comments/6prdsc/i_am_in_crisis/,-0.9947,crisis,life,total,mess,say,confidence,pretty,problem,world,bear,Yes,Mild,No,Minimal,R_2tLnOflXsicDcYH,Female,2000,1,0
mentalillness,2,2,1718497940.0,https://www.reddit.com/r/mentalillness/comments/1dgvny2/life_doesnt_give_me_joy_just_emptiness/,0.9894,life,doesnt,joy,emptiness,dont,know,start,years,ago,moved,Yes,Mild,No,Minimal,R_0c7xGIWJSmlbRGV,Female,2003,1,0
Advice,0,1,1727537764.0,https://www.reddit.com/r/Advice/comments/1frgyac/should_i_15_ftm_join_the_navy_school_to_escape_my/,0.9883,ftm,join,navy,school,escape,neglectful,mother,fix,life,health,Yes,Mild,No,Mild,R_voaPCSpOX63rZxD,Male,2004,0,1
Advice,1,1,1727782988.0,https://www.reddit.com/r/Advice/comments/1ftm0pl/repost_my_7_year_old_daughter_wants_to_know_about/,0.999,repost,year,old,daughter,wants,know,biological,father,exfianc,reconnect,Yes,Severe,No,Moderate,R_3z69Zb1ThfUH6yl,Male,2001,0,1
Advice,1,0,1727434020.0,https://www.reddit.com/r/Advice/comments/1fqkttf/i_feel_stuck_but_i_cant_bring_myself_to_get_out/,-0.995,feel,stuck,bring,dont,joy,anymore,point,day,im,existing,Yes,Mild,Yes,Moderate,R_2rYMwuHcBCHPGMK,Female,2002,1,0
Advice,0,4,1727125603.0,https://www.reddit.com/r/Advice/comments/1fnvg03/i_f21_feel_lonely_on_my_student_exchange_in_paris/,0.9942,f,feel,lonely,student,exchange,paris,advice,dream,study,abroad,No,Moderate,No,Severe,R_x5iS2aFExVsscy5,Female,2000,1,0
Advice,1,0,1727107133.0,https://www.reddit.com/r/Advice/comments/1fnnyn1/trying_to_figure_out_what_i_truly_want_from_life/,0.9866,trying,figure,truly,want,life,analysing,wanted,year,old,freshman,Yes,Mild,No,Moderate,R_pgwmIvErCADQ3JL,Female,2002,1,0
Advice,3,4,1725429255.0,https://www.reddit.com/r/Advice/comments/1f8lyuh/would_you_choose_6_months_of_leisure_or_6_months/,0.9946,choose,months,leisure,gaining,knowledge,field,opportunity,work,abroad,year,Yes,Moderate,No,Moderate,R_27woAktJrbmHxFQ,Female,2002,1,0
Advice,1,3,1725394656.0,https://www.reddit.com/r/Advice/comments/1f8a4x8/would_you_choose_6_months_of_leisure_or_6_months/,0.9946,choose,months,leisure,gaining,knowledge,field,opportunity,work,abroad,year,Yes,Mild,No,Mild,R_3NVzwKCm9B058Kk,Female,2004,1,0
Advice,0,1,1722648065.0,https://www.reddit.com/r/Advice/comments/1eiqw49/my_friend_and_i_were_seeing_the_same_guy_and_we/,0.9995,friend,seeing,guy,agreed,cut,locations,shes,answering,phone,f,Yes,Mild,No,Moderate,R_1litNt2PxgEpdb2,Female,2000,1,0
Advice,1,0,1722575312.0,https://www.reddit.com/r/Advice/comments/1ei1umu/help_me_decide_what_to_do_after_college/,0.9818,help,decide,college,hi,going,graduate,bachelors,communication,semester,ahead,Yes,Mild,No,Mild,R_1ia0Dn9vymbhNim,Female,2000,1,0
Advice,1,0,1722425370.0,https://www.reddit.com/r/Advice/comments/1egksk5/how_can_i_get_a_civil_liability_insurance_when/,-0.4753,civil,liability,insurance,moving,country,im,soon,start,new,life,No,Moderate,No,Moderate,R_2ZWiPv4iEVcWPZE,Female,2002,1,0
Advice,1,1,1720623656.0,https://www.reddit.com/r/Advice/comments/1dzxxu6/my_parents_want_me_to_go_to_paris_on_vacation_in/,-0.4506,parents,want,paris,vacation,beginning,college,semester,f,dont,think,Yes,Minimal,No,Minimal,R_2V46LVToQBZiSLH,Female,2002,1,0
Advice,1,3,1716936528.0,https://www.reddit.com/r/Advice/comments/1d2x05l/im_25_how_do_i_decide_where_to_live/,0.9353,im,decide,live,graduated,university,years,ago,feeling,lost,grew,Yes,Severe,No,Severe,R_RjXXZzoihxnhNDP,Female,2003,1,0
Advice,1,3,1714059433.0,https://www.reddit.com/r/Advice/comments/1ccv29m/right_uni_decision/,0.9923,right,uni,decision,past,year,graduated,ive,looking,long,term,Yes,Minimal,No,Minimal,R_2w76stLE9Hkjbhe,Male,2003,0,1
Advice,1,2,1711409953.0,https://www.reddit.com/r/Advice/comments/1bnswzs/my_ex_roommate_stole_my_eras_tour_tickets_and_i/,-0.9963,ex,roommate,stole,eras,tour,tickets,dont,know,sorry,long,Yes,Moderate,No,Moderate,R_UiF2hulQIeNS4bn,Female,2003,1,0
Advice,2,14,1711180000.0,https://www.reddit.com/r/Advice/comments/1blmpzx/like_what_should_i_do/,0.9831,like,hi,need,advice,idk,crisis,getting,depressed,dont,know,No,Minimal,No,Mild,R_2aLzWtCwsZPVoXw,Male,2004,0,1
Advice,3,5,1711002239.0,https://www.reddit.com/r/Advice/comments/1bjzyvp/half_my_family_thinks_i_stole_precious_earrings/,0.3158,half,family,thinks,stole,precious,earrings,aunt,happened,months,ago,No,Mild,No,Moderate,R_31arHoNasl7HfVV,Male,2004,0,1
Advice,1,1,1710482330.0,https://www.reddit.com/r/Advice/comments/1bf728x/obsession/,0.9253,obsession,ok,high,schooler,issue,girl,lets,joe,using,real,Yes,Moderate,No,Moderately Severe,R_2QKyXE0zmcgxRgs,Female,2004,1,0
Advice,1,0,1704591438.0,https://www.reddit.com/r/Advice/comments/190g94d/im_a_young_irishamerican_in_the_states_how_do_i/,0.9992,im,young,irishamerican,states,moving,living,france,bonjour,usually,dont,Yes,Severe,No,Mild,R_2qa3a9CpgsxnqG5,Female,2002,1,0
Advice,8,25,1704291702.0,https://www.reddit.com/r/Advice/comments/18xkiji/my_parents_are_poor_and_always_ask_me_for_money/,-0.9915,parents,poor,ask,money,stressful,hello,f,french,whos,financially,Yes,Severe,No,Moderately Severe,R_1JUFCemanLeys46,Female,2004,1,0
Advice,1,0,1701152164.0,https://www.reddit.com/r/Advice/comments/185pbxl/my_dad_was_never_a_talker/,0.9978,dad,talker,huge,fact,life,met,baby,came,paris,send,Yes,Moderate,No,Moderate,R_TuXZcn34BWYFNSx,Female,2004,1,0
Advice,1,0,1700861427.0,https://www.reddit.com/r/Advice/comments/1832o8d/my_friend_is_networking_with_someone_she_knows/,-0.6734,friend,networking,knows,sad,years,ago,feel,betrayed,work,big,Yes,Moderate,No,Minimal,R_29n2eONIflVBgZk,Female,2002,1,0
Advice,1,0,1698094927.0,https://www.reddit.com/r/Advice/comments/17ev136/he_left_me_after_3_days_he_mentioned_about/,0.9952,left,days,mentioned,marriage,advise,hi,f,long,distance,relationship,Yes,Severe,No,Moderate,R_BX21Gvt4WVaETjX,Female,2003,1,0
Advice,0,0,1698093050.0,https://www.reddit.com/r/Advice/comments/17eu9wb/i_want_to_study_in_france_but_i_dont_have_a_lot/,0.9024,want,study,france,dont,lot,money,hi,names,owen,im,Yes,Mild,No,Minimal,R_1P5HgARgLCW0462,Female,2003,1,0
Advice,1,0,1696973777.0,https://www.reddit.com/r/Advice/comments/174wwag/is_it_normal_to_be_ghosted_my_school_friend_who/,0.9947,normal,ghosted,school,friend,talking,good,opportunity,visit,dream,place,Yes,Moderate,No,Moderate,R_Z1zKKWEzMwVTdIZ,Male,2000,0,1
Advice,1,1,1696125389.0,https://www.reddit.com/r/Advice/comments/16woltg/surprise_proposal_in_paris/,0.9791,surprise,proposal,paris,planning,propose,girlfriend,months,knew,fall,winter,Yes,Minimal,No,Moderate,R_3lLY3cRoFTKro57,Male,2003,0,1
Advice,1,2,1692716340.0,https://www.reddit.com/r/Advice/comments/15y8afq/my_bf_23m_of_over_2_years_cheated_on_me_20f_two/,0.9885,bf,years,cheated,f,months,ago,hadnt,talked,wont,block,Yes,Mild,No,Mild,R_30qpo5xccwymsdc,Female,2001,1,0
offmychest,2,0,1725564184.0,https://www.reddit.com/r/offmychest/comments/1f9uys5/im_tired_of_my_parents_always_putting_my_golden/,0.968,im,tired,parents,putting,golden,child,sister,f,especially,dad,Yes,Moderate,No,Moderate,R_pFcmaN5JwaM5tst,Female,2000,1,0
offmychest,1,4,1719534069.0,https://www.reddit.com/r/offmychest/comments/1dq6g5r/im_starting_feeling_so_numb/,0.7323,im,starting,feeling,numb,f,longer,speak,dad,aunt,family,Yes,Mild,No,Moderate,R_abDYqo8MzvsISul,Male,2004,0,1
offmychest,1,0,1718460139.0,https://www.reddit.com/r/offmychest/comments/1dginjx/im_so_lost_with_myself/,-0.9892,im,lost,young,scared,insecure,future,lived,town,life,recently,Yes,Mild,No,Mild,R_30k1ZJ11RUobdyp,Female,2001,1,0
offmychest,4,3,1717246928.0,https://www.reddit.com/r/offmychest/comments/1d5mhqj/i_relapsed/,-0.976,relapsed,tw,selfharm,lately,f,getting,worse,life,supposed,great,Yes,Minimal,No,Minimal,R_8k5QZ4OZFNZnLoJ,Female,2003,1,0
offmychest,1,2,1716856286.0,https://www.reddit.com/r/offmychest/comments/1d26pld/an_unexpected_pregnancy_after_years_of_struggle/,0.9905,unexpected,pregnancy,years,struggle,f,break,news,husband,apologize,mistakes,Yes,Mild,No,Moderate,R_soKf7YzJvuRPUXf,Female,2004,1,0
offmychest,2,0,1716764001.0,https://www.reddit.com/r/offmychest/comments/1d1dfo6/im_very_resentful_towards_my_family_that_made_me/,-0.9991,im,resentful,family,suicidal,paranoid,hey,f,traumas,context,foreign,Yes,Severe,No,Severe,R_86N82Bhm4V61BYt,Male,2003,0,1
offmychest,2,0,1711178478.0,https://www.reddit.com/r/offmychest/comments/1blmd8w/my_mom_is_a_functioning_alcoholic_and_im_worried/,-0.7929,mom,functioning,alcoholic,im,worried,going,kill,shes,like,freshman,Yes,Moderate,No,Minimal,R_1FmSacVa0ZuxqOV,Female,2003,1,0
offmychest,0,0,1701578552.0,https://www.reddit.com/r/offmychest/comments/189lt01/i_just_want_to_be_loved_and_understand_by_someone/,-0.9976,want,loved,understand,tired,wanted,end,life,single,day,allowed,Yes,Severe,No,Mild,R_2Xpuiyna04IEAlp,Female,2000,1,0
offmychest,1,0,1688603688.0,https://www.reddit.com/r/offmychest/comments/14rsmkb/my_adult_sister_and_i_would_never_be_friends_if/,-0.8209,adult,sister,friends,werent,siblings,whos,doesnt,clean,frustrating,leaves,Yes,Moderate,No,Moderate,R_2ffy75u2Xgm1qGn,Male,2002,0,1
offmychest,0,0,1687068062.0,https://www.reddit.com/r/offmychest/comments/14cckgi/yelled_at_by_stranger_for_taking_picture/,0.7568,yelled,stranger,taking,picture,husband,paris,eating,breakfast,park,eiffel,Yes,Moderate,No,Moderate,R_D00yXb2eYr9sKyJ,Female,2000,1,0
offmychest,6,1,1678219823.0,https://www.reddit.com/r/offmychest/comments/11l9u9n/my_best_friend_stole_whats_probably_the_biggest/,0.9381,best,friend,stole,whats,probably,biggest,project,life,im,dying,Yes,Moderate,No,Severe,R_3dTb8mbiEIjcT5M,Male,2004,0,1
offmychest,1,0,1675573162.0,https://www.reddit.com/r/offmychest/comments/10u2lst/my_friend_or_so_i_thought/,0.9995,friend,thought,f,whos,exchange,student,lets,hope,real,met,Yes,Mild,No,Mild,R_qDsLtK7LvALpQIh,Male,2000,0,1
offmychest,1,0,1674510107.0,https://www.reddit.com/r/offmychest/comments/10jodv5/i_stood_up_to_my_narcissistic_maternal/,-0.9994,stood,narcissistic,maternal,grandfather,parents,grandmother,didnt,stand,ousted,bad,Yes,Moderate,No,Moderate,R_2wQqE9TcvpSvjyi,Female,2003,1,0
offmychest,2,3,1670819928.0,https://www.reddit.com/r/offmychest/comments/zjn8vv/i_fucked_up_and_squandered_the_opportunities/,0.9551,fucked,squandered,opportunities,given,feel,like,life,ending,dont,know,Yes,Moderate,No,Moderate,R_3L5OeTrBnMCWPoO,Male,2004,0,1
offmychest,2,1,1662283475.0,https://www.reddit.com/r/offmychest/comments/x5ipif/abuse_and_isolation_is_slowly_making_me_extremely/,-0.9926,abuse,isolation,slowly,making,extremely,depressed,hey,f,think,living,Yes,Moderate,No,Moderately Severe,R_tL1A8mftC9Bcy8F,Female,2000,1,0
offmychest,0,0,1654549314.0,https://www.reddit.com/r/offmychest/comments/v6dkpz/ticket_finers_are_the_lousiest/,-0.9739,ticket,finers,lousiest,sole,job,fine,people,make,feel,bad,Yes,Severe,No,Severe,R_2SjJDQfHtyJxxEP,Female,2002,1,0
college,2,0,1726775958.0,https://www.reddit.com/r/college/comments/1fkti0e/23f_with_2_years_of_work_experience_after_a_bsc/,0.9981,f,years,work,experience,bsc,degree,lets,talk,masters,helllooo,No,Mild,No,Mild,R_2AMTJ0y3QOu88U2,Female,2000,1,0
college,2,0,1726775958.0,https://www.reddit.com/r/college/comments/1fkti0e/23f_with_2_years_of_work_experience_after_a_bsc/,0.9981,f,years,work,experience,bsc,degree,lets,talk,masters,helllooo,Yes,Minimal,No,Moderate,R_10GdkgBeCJNQxy6,Male,2000,0,1
college,2,0,1726775958.0,https://www.reddit.com/r/college/comments/1fkti0e/23f_with_2_years_of_work_experience_after_a_bsc/,0.9981,f,years,work,experience,bsc,degree,lets,talk,masters,helllooo,No,Moderate,No,Moderate,R_33eFd9QIzf7D8Ad,Male,2004,0,1
college,0,4,1720643681.0,https://www.reddit.com/r/college/comments/1e0672u/college_trip_refund/,0.8966,college,trip,refund,hello,f,signed,paris,school,middle,october,No,Severe,No,Moderate,R_3D6dGTi0ofEKDJG,Female,2001,1,0
college,24,10,1711795887.0,https://www.reddit.com/r/college/comments/1brf1oj/teammates_are_scheduling_a_task_when_i_already/,-0.8947,teammates,scheduling,task,said,day,im,language,exchange,british,students,Yes,Severe,No,Moderately Severe,R_1jDR9qArqalXBiU,Female,2004,1,0
college,1,1,1707857054.0,https://www.reddit.com/r/college/comments/1aq408s/how_can_i_deal_with_being_different/,0.9941,deal,different,hello,sorry,error,english,mother,tongue,wall,text,Yes,Mild,No,Mild,R_246u6gKT9pG63SI,Female,2003,1,0
college,1,6,1689645531.0,https://www.reddit.com/r/college/comments/152l0ot/study_abroad/,0.9145,study,abroad,hi,im,currently,rising,sophomore,college,want,program,Yes,Moderate,No,Mild,R_3D7IgMmPfUevNBf,Female,2003,1,0
college,4,9,1681852156.0,https://www.reddit.com/r/college/comments/12r4hob/what_would_you_do/,0.9816,hello,student,community,college,looking,universities,transfer,major,marketing,facing,Yes,Mild,No,Mild,R_emvTHK8jAf38yul,Male,2000,0,1
college,37,12,1674780882.0,https://www.reddit.com/r/college/comments/10m7sao/i_have_no_interest_in_getting_a_job_ever_again/,0.9781,getting,job,im,f,ive,working,jobs,excessively,grew,parents,Yes,Minimal,No,Minimal,R_3HMlRa77wddESZF,Male,2004,0,1
college,1,0,1668051240.0,https://www.reddit.com/r/college/comments/yr47cm/deciding_between_studying_abroad_in_spring_or_fall/,0.8863,deciding,studying,abroad,spring,fall,hi,currently,junior,im,heres,Yes,Minimal,No,Moderately Severe,R_3lJEkFwB5KfYRf4,Female,2000,1,0
college,3,1,1665057921.0,https://www.reddit.com/r/college/comments/xx3ksx/im_insecure_about_my_college_path_compared_to/,0.9748,im,insecure,college,path,compared,advice,post,reddit,need,going,Yes,Moderate,No,Minimal,R_1CdxuHEdcOMvsAO,Female,2001,1,0
college,2,0,1659816263.0,https://www.reddit.com/r/college/comments/whwxn6/post_secondary_education_in_france_for_foreign/,0.7739,post,secondary,education,france,foreign,students,researching,options,yearold,daughter,Yes,Moderate,No,Minimal,R_b8IPN0AOsqCLeLL,Male,2000,0,1
college,3,14,1604943604.0,https://www.reddit.com/r/college/comments/jr272n/best_places_to_go_for_exchange_or_bluntly_put/,0.6273,best,places,exchange,bluntly,racist,im,asian,f,ive,wanted,Yes,Mild,No,Mild,R_eYb5XG5XOyxkkox,Female,2002,1,0
college,67,78,1565974702.0,https://www.reddit.com/r/college/comments/cr97h7/i_genuinely_dont_understand_why_college_in_the/,-0.6199,genuinely,dont,understand,college,usa,expensive,wrong,thread,im,looking,Yes,Mild,No,Moderate,R_1exxOV8wE0ZuOsy,Male,2001,0,1
college,4,15,1547090450.0,https://www.reddit.com/r/college/comments/aeewjs/i_want_to_learn_a_new_language_in_college/,0.9204,want,learn,new,language,college,hi,guys,plan,french,freshman,Yes,Minimal,No,Minimal,R_1rJo8DaBrA3h5YX,Male,2000,0,1
college,0,2,1465660343.0,https://www.reddit.com/r/college/comments/4nlx6z/want_to_study_music_mathematics_ideally_in_france/,0.9738,want,study,music,mathematics,ideally,france,help,place,yeah,absolutely,Yes,Moderate,No,Moderate,R_2rGi4t9pP6UiBmB,Female,2003,1,0
college,1,3,1449794446.0,https://www.reddit.com/r/college/comments/3wayi0/kicked_out_of_high_school/,0.4518,kicked,high,school,sure,ask,tell,im,wrong,place,sophomore,Yes,Mild,No,Mild,R_8AG2AOjIUjJEpod,Female,2004,1,0
college,0,0,1447913997.0,https://www.reddit.com/r/college/comments/3tefp6/anyone_else_have_gloriously_unpc_conversations/,0.961,gloriously,unpc,conversations,college,prof,chat,chem,undergrad,phd,brought,Yes,Minimal,No,Mild,R_1EaoA4NDpqg4F1D,Male,2000,0,1
college,1,2,1440975500.0,https://www.reddit.com/r/college/comments/3j0e5w/financial_aid_as_a_degreeseeking_student_at_a/,-0.4497,financial,aid,degreeseeking,student,french,university,ive,looking,going,paris,Yes,Moderate,No,Mild,R_2AG49xeBVEU6YqJ,Male,2001,0,1
college,4,6,1440971182.0,https://www.reddit.com/r/college/comments/3j045d/international_friend_is_having_some_problems_can/,0.8921,international,friend,problems,help,hey,guys,college,pretty,rural,midwest,Yes,Moderate,No,Mild,R_5AzGuYpAcagEQBH,Male,2001,0,1
college,2,9,1344182020.0,https://www.reddit.com/r/college/comments/xpu7z/sciences_po_paris_or_tufts/,0.9688,sciences,po,paris,tufts,hey,know,bit,late,deciding,im,Yes,Minimal,No,Minimal,R_30vO5H1Q7nh887g,Female,2003,1,0
college,5,20,1343839743.0,https://www.reddit.com/r/college/comments/xihe5/would_i_be_able_to_get_in_tell_me_if_im_in_the/,0.2551,able,tell,im,wrong,board,chances,getting,boston,college,university,Yes,Mild,No,Minimal,R_1o6borijXamHIty,Female,2001,1,0
college,2,5,1330572960.0,https://www.reddit.com/r/college/comments/qce8a/i_need_serious_help_with_decided_whether_to/,0.9688,need,help,decided,transfer,school,far,friends,family,massachusetts,alabama,Yes,Moderate,No,Moderate,R_21FokNtFJZqQGJG,Female,2002,1,0
